"sample_id","multimodal_label","msa_fold_1","msa_fold_2","msa_fold_3","msa_fold_4","msa_fold_5","asr_split"
"video_11_35","4","test","train","train","train","train","train"
"video_2_2","5","train","validation","test","train","train","train"
"video_3_63","1","train","train","train","test","train","train"
"video_10_15","1","train","train","train","test","train","train"
"video_24_13","4","train","train","test","train","train","train"
"video_16_20","2","train","train","validation","train","test","train"
"video_6_28","3","train","train","validation","train","test","test"
"video_3_16","2","test","train","train","validation","train","train"
"video_9_9","2","test","train","train","train","train","train"
"video_26_13","2","train","train","test","train","train","train"
"video_6_20","4","train","test","train","train","train","train"
"video_7_8","2","test","train","train","train","train","train"
"video_6_52","3","train","train","train","test","train","train"
"video_25_3","3","validation","test","train","train","train","train"
"video_3_60","2","test","validation","train","train","train","train"
"video_23_20","4","validation","train","train","train","test","train"
"video_11_33","3","test","train","train","train","train","train"
"video_27_4","3","train","test","train","train","train","test"
"video_7_21","5","train","train","train","validation","test","test"
"video_19_51","2","test","train","train","train","train","train"
"video_4_11","2","train","train","train","test","validation","train"
"video_11_23","4","train","train","train","test","validation","train"
"video_17_4","4","validation","test","validation","train","train","train"
"video_3_7","1","train","train","train","test","train","train"
"video_9_21","4","train","train","train","test","train","train"
"video_9_30","2","train","train","train","test","train","train"
"video_21_5","2","validation","train","test","train","train","test"
"video_1_29","3","train","train","test","train","train","train"
"video_3_105","4","train","validation","test","train","train","train"
"video_20_47","3","train","train","validation","test","train","train"
"video_19_28","4","validation","train","train","test","train","train"
"video_27_17","4","train","test","train","train","train","train"
"video_4_2","1","test","train","train","train","train","test"
"video_1_13","2","test","train","train","validation","train","validation"
"video_27_34","5","train","train","train","test","train","train"
"video_27_37","4","test","validation","validation","validation","train","test"
"video_27_45","5","train","train","train","test","train","train"
"video_7_30","3","test","train","train","train","train","train"
"video_3_76","2","test","validation","train","train","train","validation"
"video_19_41","4","test","train","train","train","train","train"
"video_3_36","2","test","train","train","train","train","train"
"video_3_39","3","train","test","train","train","train","train"
"video_14_26","4","train","train","train","test","train","train"
"video_3_49","5","test","train","train","train","train","train"
"video_7_37","3","train","test","train","train","train","train"
"video_13_8","5","test","train","validation","train","train","train"
"video_4_56","3","train","train","test","train","train","train"
"video_4_15","2","train","train","test","validation","train","test"
"video_3_70","2","train","train","train","test","train","train"
"video_23_36","2","train","train","train","train","test","train"
"video_7_42","4","train","train","train","test","validation","train"
"video_18_7","4","test","train","train","train","train","test"
"video_2_16","5","train","train","train","test","train","train"
"video_8_18","2","train","train","train","train","test","train"
"video_20_26","2","train","train","train","test","train","train"
"video_11_18","2","train","validation","train","test","train","train"
"video_3_98","2","train","train","test","validation","train","train"
"video_22_12","4","test","train","train","train","train","train"
"video_12_4","2","train","train","test","validation","train","train"
"video_25_64","4","train","train","train","test","train","train"
"video_7_38","4","train","train","test","train","validation","train"
"video_21_17","3","train","train","train","train","test","test"
"video_3_61","1","validation","train","test","train","train","train"
"video_11_3","5","train","train","test","train","train","train"
"video_19_47","1","train","train","train","train","test","validation"
"video_7_32","2","train","train","test","validation","train","train"
"video_19_19","4","validation","train","train","train","test","train"
"video_3_72","2","train","test","train","train","train","train"
"video_8_7","1","train","test","train","train","validation","train"
"video_26_18","1","test","train","train","train","validation","train"
"video_23_22","3","train","test","train","train","train","train"
"video_20_54","1","train","test","validation","validation","train","train"
"video_10_11","2","train","train","test","train","train","test"
"video_26_63","2","train","test","train","train","train","train"
"video_3_29","1","test","train","train","train","train","validation"
"video_23_5","1","train","validation","test","train","train","train"
"video_25_4","5","test","train","train","train","train","test"
"video_10_4","2","train","train","validation","test","validation","train"
"video_14_14","4","validation","train","test","train","train","train"
"video_24_1","1","test","train","train","train","train","validation"
"video_5_3","4","train","train","train","test","validation","train"
"video_6_26","4","train","train","train","test","train","test"
"video_20_64","4","test","train","train","train","train","train"
"video_3_12","3","test","train","train","train","train","train"
"video_20_52","1","train","train","test","train","validation","train"
"video_20_51","2","test","train","train","train","train","train"
"video_23_38","2","train","train","train","train","test","train"
"video_2_24","3","train","test","train","train","train","train"
"video_4_43","1","validation","train","train","test","validation","test"
"video_24_8","2","validation","train","train","train","test","train"
"video_4_25","4","train","train","validation","test","train","train"
"video_6_30","3","train","train","train","test","validation","validation"
"video_14_15","4","test","train","train","train","train","train"
"video_16_5","2","train","test","validation","train","train","train"
"video_5_18","4","train","validation","validation","test","train","train"
"video_11_5","3","test","validation","train","train","train","train"
"video_19_16","3","train","train","test","train","train","validation"
"video_14_22","3","train","train","test","train","train","train"
"video_3_13","3","train","train","train","train","test","test"
"video_19_22","1","train","train","train","test","train","validation"
"video_23_41","2","validation","train","test","train","train","validation"
"video_25_49","2","train","train","test","train","train","train"
"video_26_49","4","train","train","train","test","train","train"
"video_8_20","4","test","train","train","train","train","train"
"video_24_24","3","train","train","test","validation","train","test"
"video_21_21","2","validation","train","train","test","train","validation"
"video_7_40","1","test","train","train","train","train","train"
"video_4_36","1","train","train","train","train","test","train"
"video_7_36","4","test","train","train","train","train","test"
"video_26_9","2","train","validation","train","test","train","test"
"video_4_30","5","train","train","test","train","validation","train"
"video_11_27","1","train","validation","test","train","train","validation"
"video_15_11","4","train","train","test","train","train","train"
"video_3_78","1","train","test","train","train","train","train"
"video_27_20","4","train","test","train","train","train","train"
"video_9_25","2","train","train","train","test","train","train"
"video_15_1","5","train","test","train","train","train","train"
"video_20_39","3","train","train","train","train","test","train"
"video_25_50","2","train","train","test","train","train","train"
"video_20_79","3","train","train","train","train","test","train"
"video_7_2","5","validation","train","test","validation","train","train"
"video_26_64","1","train","validation","train","test","train","train"
"video_3_3","2","train","train","test","train","train","validation"
"video_9_8","1","train","test","train","train","train","test"
"video_19_35","4","validation","validation","test","train","train","validation"
"video_6_56","4","train","validation","validation","train","test","test"
"video_9_33","2","train","train","train","train","test","validation"
"video_2_18","2","train","train","train","train","test","train"
"video_9_5","1","train","test","validation","train","train","train"
"video_20_20","2","test","train","train","train","validation","train"
"video_19_29","4","validation","test","train","train","train","train"
"video_20_83","1","train","train","validation","test","validation","train"
"video_3_55","5","test","train","train","validation","train","validation"
"video_6_41","4","test","train","train","train","train","test"
"video_6_45","4","train","train","train","test","train","train"
"video_3_97","2","train","train","train","validation","test","train"
"video_26_58","2","train","train","train","train","test","test"
"video_7_27","2","train","train","train","test","train","train"
"video_9_16","4","train","train","train","train","test","validation"
"video_2_14","5","test","train","train","train","train","test"
"video_26_68","1","train","train","train","test","train","validation"
"video_6_50","4","train","test","train","train","train","train"
"video_8_12","2","test","validation","train","train","train","train"
"video_3_59","2","test","validation","train","train","validation","train"
"video_18_5","2","train","train","test","train","train","train"
"video_25_62","5","test","train","train","train","validation","train"
"video_23_53","2","train","train","test","train","train","test"
"video_21_13","1","train","train","train","test","train","train"
"video_3_50","5","train","train","test","validation","train","train"
"video_26_23","2","train","train","validation","test","train","validation"
"video_19_49","3","train","train","train","validation","test","train"
"video_3_47","4","test","train","train","train","train","train"
"video_4_44","2","train","test","train","validation","train","train"
"video_23_52","3","train","train","train","train","test","train"
"video_6_1","3","train","train","validation","train","test","train"
"video_4_22","4","train","train","test","train","train","train"
"video_19_10","2","train","train","test","train","train","validation"
"video_20_32","4","train","test","train","train","train","train"
"video_11_31","2","train","train","test","train","train","train"
"video_24_11","3","train","train","test","validation","train","train"
"video_23_33","2","test","train","train","train","train","train"
"video_16_13","4","train","train","train","test","train","validation"
"video_26_62","1","train","train","test","train","train","test"
"video_6_9","3","test","train","train","train","train","train"
"video_6_19","4","train","train","train","test","train","train"
"video_26_34","2","train","train","train","test","train","train"
"video_10_8","2","train","train","test","train","train","train"
"video_17_17","2","train","train","test","train","train","test"
"video_3_95","2","test","train","train","train","train","validation"
"video_2_31","2","train","train","validation","train","test","test"
"video_25_12","5","test","train","train","train","train","test"
"video_3_21","4","train","validation","train","test","train","validation"
"video_20_60","1","train","validation","train","train","test","train"
"video_1_25","1","train","validation","validation","test","validation","train"
"video_6_46","4","train","train","test","train","train","train"
"video_7_14","1","train","train","test","train","train","train"
"video_6_39","4","train","train","train","train","test","train"
"video_12_10","5","train","train","train","test","train","train"
"video_20_62","3","train","train","train","test","train","validation"
"video_24_9","2","validation","train","train","test","train","validation"
"video_10_2","2","train","train","test","train","train","train"
"video_27_31","4","train","train","test","train","train","train"
"video_7_33","3","train","train","test","validation","train","test"
"video_6_61","4","train","train","train","train","test","test"
"video_2_43","3","train","test","train","train","train","test"
"video_25_10","4","train","train","test","train","train","train"
"video_25_57","5","train","train","train","train","test","train"
"video_13_2","5","train","validation","train","test","train","test"
"video_27_41","1","train","test","train","train","train","train"
"video_23_32","4","train","train","train","test","train","train"
"video_3_88","1","train","train","train","train","test","test"
"video_1_9","3","test","train","validation","validation","train","train"
"video_15_7","4","train","train","train","train","test","train"
"video_1_7","2","train","train","train","test","validation","train"
"video_9_12","3","train","train","train","test","train","train"
"video_22_1","2","train","train","train","train","test","train"
"video_23_34","3","test","train","train","train","train","train"
"video_14_24","4","train","train","train","validation","test","train"
"video_15_5","2","test","train","train","train","train","train"
"video_17_8","2","train","train","validation","test","train","train"
"video_19_39","2","train","test","train","validation","train","train"
"video_4_58","4","validation","train","train","test","train","train"
"video_20_74","4","validation","train","train","validation","test","train"
"video_23_54","2","validation","train","train","train","test","train"
"video_4_54","4","train","train","validation","train","test","train"
"video_25_47","4","test","validation","validation","train","train","train"
"video_6_54","3","train","train","train","test","validation","train"
"video_7_13","3","test","validation","validation","validation","train","train"
"video_7_6","3","train","train","train","train","test","test"
"video_10_6","5","train","test","validation","train","train","validation"
"video_2_12","5","train","train","train","train","test","train"
"video_7_19","5","validation","train","train","validation","test","test"
"video_22_25","5","train","test","train","train","train","validation"
"video_26_15","1","test","train","train","train","train","test"
"video_3_4","2","train","test","train","train","train","train"
"video_7_23","3","train","train","train","test","train","train"
"video_20_81","2","train","train","train","train","test","train"
"video_17_19","1","test","train","train","train","train","test"
"video_6_15","3","train","train","test","train","train","train"
"video_26_56","1","train","test","validation","train","train","train"
"video_25_54","5","test","train","train","train","train","validation"
"video_1_27","3","train","test","train","train","train","test"
"video_6_33","4","test","train","train","validation","train","train"
"video_16_1","1","train","train","test","train","train","validation"
"video_20_30","3","train","train","test","train","train","train"
"video_12_22","1","train","train","validation","train","test","test"
"video_3_93","1","train","train","train","test","train","train"
"video_13_10","4","test","train","train","train","train","validation"
"video_11_30","2","test","train","train","train","train","validation"
"video_8_1","1","train","train","train","test","train","train"
"video_26_32","1","train","train","train","train","test","train"
"video_20_66","2","train","validation","train","train","test","train"
"video_25_39","5","train","train","test","train","train","train"
"video_24_19","4","test","train","train","train","train","train"
"video_19_17","1","train","train","train","test","train","train"
"video_5_7","5","train","test","validation","train","train","train"
"video_1_17","3","test","train","train","train","train","train"
"video_27_27","3","train","train","train","test","train","train"
"video_23_49","1","validation","train","train","test","train","train"
"video_1_23","4","train","test","train","train","train","validation"
"video_20_45","1","train","test","train","train","train","validation"
"video_6_48","5","train","train","train","train","test","validation"
"video_13_6","2","train","train","train","train","test","train"
"video_14_6","3","train","train","train","test","train","train"
"video_20_43","2","train","test","train","train","validation","train"
"video_5_11","5","train","train","train","test","validation","train"
"video_24_17","4","train","test","train","train","train","validation"
"video_4_47","1","test","train","train","train","validation","validation"
"video_6_7","3","train","train","test","train","validation","train"
"video_23_17","2","train","train","test","train","train","train"
"video_6_37","4","train","test","train","validation","validation","train"
"video_4_12","4","train","train","train","train","test","validation"
"video_22_6","4","train","train","train","test","train","train"
"video_23_3","1","train","train","test","validation","train","validation"
"video_23_30","3","test","train","train","validation","train","validation"
"video_21_23","3","test","train","train","train","train","train"
"video_3_99","1","train","train","train","test","train","validation"
"video_8_10","4","train","train","train","test","train","validation"
"video_11_9","2","train","train","train","train","test","train"
"video_25_60","4","train","test","validation","validation","train","train"
"video_4_34","2","train","train","test","train","train","train"
"video_27_21","4","train","train","train","train","test","train"
"video_23_29","3","train","validation","validation","test","train","train"
"video_9_3","4","train","train","test","validation","validation","test"
"video_11_25","3","train","train","test","train","validation","validation"
"video_23_6","2","train","validation","train","test","train","train"
"video_15_13","1","validation","test","train","train","train","train"
"video_2_35","4","train","train","test","train","train","test"
"video_4_52","4","train","test","train","validation","train","test"
"video_15_3","1","validation","train","train","train","test","train"
"video_15_15","2","train","test","train","validation","train","train"
"video_25_23","4","train","validation","train","train","test","train"
"video_24_16","3","train","train","validation","train","test","validation"
"video_18_1","2","train","test","train","validation","train","train"
"video_15_23","5","train","train","test","train","train","train"
"video_22_7","2","train","test","train","train","validation","train"
"video_6_36","3","train","train","validation","train","test","train"
"video_20_35","1","train","test","train","validation","train","validation"
"video_1_18","3","train","train","test","validation","train","train"
"video_24_4","1","validation","train","test","train","train","train"
"video_6_2","4","train","train","test","train","train","train"
"video_3_87","2","test","train","train","train","validation","train"
"video_4_17","2","train","train","train","test","train","train"
"video_20_63","2","train","train","train","test","train","train"
"video_23_55","1","train","train","train","test","train","train"
"video_14_8","1","train","train","train","test","train","train"
"video_20_33","3","train","train","train","test","train","validation"
"video_25_25","5","train","validation","test","train","train","train"
"video_7_28","2","test","train","train","train","train","train"
"video_15_8","2","test","train","validation","validation","validation","train"
"video_3_9","3","validation","train","train","train","test","train"
"video_27_38","4","train","train","train","train","test","test"
"video_27_40","5","train","test","train","train","train","train"
"video_11_26","1","train","train","train","test","train","train"
"video_15_12","3","train","train","train","train","test","train"
"video_9_2","2","train","train","train","test","train","train"
"video_6_49","3","train","test","train","train","train","validation"
"video_2_28","3","test","validation","train","train","train","train"
"video_27_6","4","train","train","test","train","train","train"
"video_15_19","1","test","train","train","train","train","test"
"video_6_11","3","train","train","train","test","train","train"
"video_14_10","1","test","train","train","train","train","train"
"video_1_22","2","train","train","train","test","train","validation"
"video_20_42","1","train","test","train","train","train","train"
"video_4_23","4","train","validation","test","train","train","train"
"video_18_4","1","test","train","train","train","validation","validation"
"video_23_7","2","test","train","train","train","train","train"
"video_27_3","2","train","train","train","test","train","test"
"video_8_3","2","train","train","train","train","test","validation"
"video_22_20","1","test","train","train","train","train","test"
"video_16_3","2","test","train","train","train","train","test"
"video_11_2","5","train","test","train","train","validation","validation"
"video_23_9","1","train","test","validation","train","train","train"
"video_7_25","4","validation","test","train","train","train","test"
"video_25_43","5","train","train","test","train","train","train"
"video_3_38","2","train","train","validation","test","train","train"
"video_26_70","1","train","train","test","validation","train","train"
"video_2_8","4","train","validation","train","train","test","test"
"video_3_62","2","train","train","test","train","train","train"
"video_25_45","4","validation","train","train","train","test","train"
"video_1_8","1","validation","validation","validation","validation","test","train"
"video_3_103","2","train","train","train","train","test","train"
"video_20_7","3","train","train","test","train","validation","train"
"video_12_5","1","train","train","test","train","train","train"
"video_22_18","4","test","train","train","train","validation","train"
"video_26_31","1","train","train","train","train","test","train"
"video_24_10","3","train","train","test","train","train","test"
"video_26_37","2","train","test","validation","train","train","test"
"video_17_16","2","test","train","train","train","train","train"
"video_6_53","3","train","train","train","train","test","train"
"video_3_91","1","train","test","train","train","validation","validation"
"video_19_12","1","train","train","train","test","train","train"
"video_9_17","4","test","train","train","validation","train","train"
"video_2_17","5","train","train","test","train","train","train"
"video_4_45","1","train","train","train","train","test","train"
"video_25_30","3","test","train","train","train","train","train"
"video_26_2","3","validation","train","validation","test","validation","train"
"video_7_26","1","train","train","train","train","test","test"
"video_15_14","1","test","train","train","train","train","train"
"video_19_36","4","train","test","train","train","train","validation"
"video_1_26","4","train","train","train","train","test","validation"
"video_3_90","2","train","train","train","test","train","validation"
"video_23_10","2","train","train","train","test","train","train"
"video_26_1","2","test","train","train","train","train","train"
"video_24_20","4","train","train","train","test","train","train"
"video_2_44","1","train","test","train","train","train","train"
"video_17_28","3","train","test","train","train","train","train"
"video_10_1","4","train","train","train","test","train","test"
"video_15_17","1","train","test","train","train","train","train"
"video_3_19","1","validation","test","train","validation","train","validation"
"video_25_36","4","train","test","train","validation","train","train"
"video_6_32","3","train","test","train","train","train","train"
"video_24_18","4","train","train","train","test","train","train"
"video_7_44","2","train","validation","test","train","train","train"
"video_11_7","2","test","train","train","train","train","train"
"video_12_21","1","train","train","train","test","train","train"
"video_23_19","4","train","train","train","test","train","validation"
"video_27_44","2","train","validation","train","train","test","train"
"video_5_9","4","train","train","train","test","train","validation"
"video_3_1","4","train","train","validation","test","train","test"
"video_4_26","4","test","validation","train","train","train","train"
"video_3_85","2","test","train","train","train","train","train"
"video_27_23","3","test","train","train","train","train","train"
"video_6_17","3","train","validation","train","train","test","train"
"video_26_61","1","test","validation","validation","train","train","train"
"video_4_59","3","train","test","train","train","train","train"
"video_5_10","5","train","train","test","train","train","test"
"video_3_30","1","test","train","train","train","train","test"
"video_23_37","3","train","train","train","train","test","train"
"video_4_55","5","train","train","test","train","train","train"
"video_3_81","1","train","test","train","train","validation","test"
"video_1_19","3","train","validation","test","train","train","train"
"video_2_30","2","train","test","train","train","train","train"
"video_3_32","1","train","train","validation","train","test","test"
"video_27_26","3","train","validation","train","test","validation","train"
"video_10_17","2","train","train","train","train","test","train"
"video_26_12","4","train","validation","train","train","test","train"
"video_3_25","2","train","validation","validation","test","train","train"
"video_3_64","1","train","validation","train","train","test","train"
"video_20_58","2","test","train","train","train","validation","train"
"video_2_19","2","train","train","test","train","train","train"
"video_5_5","3","train","train","train","test","validation","validation"
"video_1_6","4","validation","train","test","train","train","train"
"video_2_34","3","train","validation","train","train","test","test"
"video_4_51","3","train","validation","test","validation","train","train"
"video_25_8","4","train","train","train","train","test","validation"
"video_23_28","3","train","train","test","train","train","train"
"video_21_22","2","train","test","train","train","train","train"
"video_3_79","1","train","train","train","train","test","train"
"video_26_55","2","train","train","train","test","validation","train"
"video_19_53","1","train","train","test","validation","train","train"
"video_4_13","4","train","train","train","train","test","train"
"video_3_43","2","test","train","train","train","train","train"
"video_12_16","2","train","train","train","train","test","train"
"video_16_14","2","test","train","train","train","train","test"
"video_20_65","2","train","validation","test","train","train","train"
"video_3_45","3","train","train","test","train","train","train"
"video_27_52","4","test","train","train","train","train","validation"
"video_19_33","4","validation","validation","validation","train","test","test"
"video_3_54","4","train","test","train","train","train","validation"
"video_27_5","4","train","train","train","validation","test","test"
"video_26_24","2","train","train","train","train","test","train"
"video_9_32","4","train","train","train","test","validation","train"
"video_3_33","2","train","validation","train","train","test","train"
"video_6_38","4","test","train","train","train","validation","validation"
"video_27_19","4","train","train","train","train","test","train"
"video_14_18","3","train","test","train","train","train","train"
"video_14_20","3","validation","validation","train","train","test","validation"
"video_2_40","3","train","train","train","train","test","test"
"video_26_35","2","train","train","train","test","validation","train"
"video_20_3","1","train","train","train","train","test","train"
"video_3_51","5","test","train","train","train","train","train"
"video_19_37","4","train","train","validation","train","test","test"
"video_9_23","3","train","train","train","test","train","train"
"video_17_6","4","validation","train","test","train","train","train"
"video_3_23","2","train","train","train","test","validation","test"
"video_13_16","2","test","train","train","validation","train","train"
"video_27_9","4","validation","train","train","test","train","validation"
"video_3_17","2","train","validation","validation","train","test","test"
"video_20_5","1","test","train","train","train","train","train"
"video_26_47","4","validation","train","train","test","train","train"
"video_27_15","4","train","train","validation","test","train","validation"
"video_27_54","3","train","test","train","train","train","validation"
"video_18_3","2","validation","train","train","test","train","train"
"video_4_38","1","train","train","test","train","train","train"
"video_23_51","2","test","train","train","train","train","train"
"video_21_11","2","train","test","train","train","validation","train"
"video_4_9","4","test","validation","train","train","train","train"
"video_1_15","5","train","train","test","train","train","test"
"video_7_11","2","train","test","train","train","validation","validation"
"video_26_21","2","train","test","train","train","train","train"
"video_4_7","4","train","validation","train","test","train","train"
"video_20_37","2","train","test","train","validation","train","train"
"video_19_15","1","train","train","train","train","test","validation"
"video_15_21","4","train","test","train","train","train","train"
"video_21_25","2","train","test","train","train","train","train"
"video_25_27","4","train","train","test","train","validation","test"
"video_25_19","4","train","test","train","validation","train","validation"
"video_1_20","3","train","train","test","train","train","validation"
"video_9_27","2","test","train","train","train","train","train"
"video_26_59","2","train","train","train","test","validation","train"
"video_20_22","4","train","train","test","train","train","test"
"video_25_17","2","train","train","test","train","train","train"
"video_24_23","5","train","test","train","train","train","train"
"video_26_41","4","train","validation","test","train","train","train"
"video_19_45","1","train","train","test","train","validation","train"
"video_20_24","1","test","train","train","train","train","test"
"video_23_44","2","train","train","test","train","train","train"
"video_4_29","5","train","test","train","train","validation","train"
"video_17_25","4","train","train","test","train","validation","train"
"video_3_74","1","train","train","train","test","train","train"
"video_27_36","4","train","train","train","test","train","validation"
"video_2_39","4","train","train","train","test","train","train"
"video_26_7","1","train","test","train","train","train","train"
"video_10_10","2","train","train","train","test","train","train"
"video_26_42","3","train","test","train","train","train","train"
"video_21_19","2","train","train","test","train","train","train"
"video_20_14","4","validation","validation","train","validation","test","train"
"video_2_6","5","train","test","train","train","train","train"
"video_4_6","2","test","train","train","train","train","test"
"video_23_50","1","train","train","train","train","test","train"
"video_26_40","1","train","train","train","validation","test","train"
"video_9_19","3","train","test","train","train","validation","test"
"video_3_68","1","train","train","train","test","train","train"
"video_11_37","4","train","train","train","test","train","train"
"video_3_101","2","validation","test","train","validation","train","train"
"video_6_58","2","train","validation","train","train","test","validation"
"video_9_6","4","train","train","test","train","train","test"
"video_20_77","3","train","train","train","test","validation","train"
"video_11_10","2","train","train","train","test","train","train"
"video_20_71","3","train","train","train","test","train","train"
"video_6_22","3","test","train","train","train","train","train"
"video_3_89","2","train","test","train","train","train","test"
"video_1_11","3","train","train","train","test","validation","train"
"video_6_43","4","train","train","train","train","test","validation"
"video_17_21","2","train","train","train","train","test","train"
"video_4_19","3","train","train","test","train","train","train"
"video_19_31","2","train","train","train","train","test","train"
"video_6_60","2","train","train","train","test","validation","train"
"video_3_20","1","train","test","train","train","train","train"
"video_12_3","2","train","train","train","test","train","test"
"video_21_7","2","validation","validation","test","validation","train","validation"
"video_4_27","5","train","train","train","test","train","train"
"video_12_12","1","train","train","test","train","train","train"
"video_9_20","2","train","test","validation","train","validation","train"
"video_27_30","2","train","train","train","test","train","test"
"video_17_2","2","train","train","validation","test","train","train"
"video_13_4","4","train","train","test","train","train","test"
"video_25_38","3","train","train","train","train","test","train"
"video_4_41","1","train","test","train","train","train","test"
"video_7_9","2","train","train","test","train","train","train"
"video_9_29","2","test","train","train","train","train","train"
"video_20_16","1","train","train","test","train","validation","train"
"video_20_75","5","train","test","train","train","train","test"
"video_25_24","4","test","train","train","train","train","train"
"video_3_69","2","validation","test","train","train","train","validation"
"video_11_20","4","train","train","test","train","train","validation"
"video_25_66","4","train","validation","test","train","train","train"
"video_25_2","4","train","train","train","train","test","train"
"video_9_4","2","train","train","train","train","test","train"
"video_25_13","5","test","train","train","train","train","train"
"video_26_5","3","train","train","test","train","train","train"
"video_3_67","1","validation","train","test","train","train","train"
"video_26_45","1","train","train","test","train","train","train"
"video_22_3","2","train","train","train","test","train","test"
"video_25_58","5","train","train","validation","validation","test","train"
"video_24_21","3","train","validation","train","validation","test","test"
"video_6_47","4","train","train","test","train","train","train"
"video_19_26","3","validation","train","test","train","train","validation"
"video_12_26","2","train","train","train","train","test","test"
"video_1_2","5","train","train","test","train","train","train"
"video_23_26","3","train","train","validation","train","test","train"
"video_10_19","5","validation","train","train","train","test","test"
"video_1_16","5","train","train","validation","train","test","train"
"video_8_5","2","train","train","test","train","train","train"
"video_22_14","3","train","train","train","train","test","train"
"video_5_1","3","train","test","train","train","train","test"
"video_26_16","1","train","train","train","train","test","train"
"video_15_16","2","validation","test","train","train","train","test"
"video_11_14","2","validation","train","test","train","train","validation"
"video_26_66","4","train","test","train","train","train","train"
"video_26_53","5","train","validation","train","test","train","train"
"video_13_3","4","test","train","train","validation","train","train"
"video_4_53","4","train","train","validation","validation","test","train"
"video_11_22","5","train","train","test","train","train","train"
"video_19_1","2","train","test","validation","train","train","test"
"video_3_41","3","train","train","train","test","train","test"
"video_12_14","2","train","train","train","test","train","train"
"video_5_6","5","train","train","train","train","test","train"
"video_27_13","5","validation","train","validation","test","train","train"
"video_12_1","3","validation","train","test","validation","train","validation"
"video_27_50","3","train","train","train","test","train","test"
"video_19_5","3","train","train","test","train","train","train"
"video_19_55","4","train","test","train","train","validation","train"
"video_26_57","2","train","train","train","train","test","train"
"video_27_7","4","train","train","train","test","validation","test"
"video_3_27","1","validation","train","train","validation","test","train"
"video_3_66","2","train","train","train","test","train","test"
"video_12_24","2","train","train","test","train","train","train"
"video_16_7","4","validation","train","train","train","test","train"
"video_22_22","3","train","test","validation","train","train","train"
"video_3_28","2","train","train","train","test","train","train"
"video_3_40","3","test","train","train","train","train","train"
"video_25_26","4","train","train","test","train","train","train"
"video_15_6","2","train","test","train","validation","train","test"
"video_23_40","2","train","train","train","test","train","train"
"video_9_26","4","train","train","test","train","train","train"
"video_7_35","2","test","train","train","train","train","train"
"video_21_12","2","train","train","validation","validation","test","train"
"video_25_67","4","train","train","train","test","train","train"
"video_2_32","3","train","train","train","test","train","validation"
"video_14_2","4","train","validation","train","test","train","validation"
"video_18_2","1","train","train","test","validation","train","train"
"video_5_14","4","train","train","train","test","validation","train"
"video_23_31","4","train","test","train","train","train","train"
"video_7_41","2","train","train","train","test","train","validation"
"video_21_14","2","train","train","train","test","train","train"
"video_13_1","2","train","validation","test","train","train","train"
"video_21_24","3","train","train","test","train","train","test"
"video_18_6","4","train","test","train","train","train","train"
"video_26_67","1","test","train","train","train","train","validation"
"video_25_40","4","train","train","train","train","test","train"
"video_16_10","2","train","train","validation","test","train","train"
"video_3_58","1","train","train","test","validation","validation","validation"
"video_17_14","1","validation","test","train","train","train","validation"
"video_22_19","5","train","train","train","test","train","train"
"video_14_1","5","test","train","train","train","train","train"
"video_16_12","4","train","test","train","train","train","train"
"video_20_29","3","train","validation","test","train","train","train"
"video_26_22","5","test","train","train","train","train","train"
"video_19_48","2","train","test","train","train","train","test"
"video_25_61","5","train","train","train","test","validation","train"
"video_2_15","4","train","train","validation","test","train","train"
"video_7_12","2","train","train","validation","train","test","validation"
"video_27_47","4","train","test","validation","train","validation","train"
"video_6_3","4","test","train","train","train","train","train"
"video_3_71","1","train","train","test","train","train","train"
"video_26_4","3","train","train","test","train","train","train"
"video_3_18","3","train","test","validation","train","train","train"
"video_19_2","2","validation","train","train","test","train","train"
"video_16_18","3","train","train","test","train","train","test"
"video_1_1","4","train","train","train","train","test","test"
"video_2_42","3","validation","test","train","validation","train","train"
"video_8_2","4","train","test","train","train","validation","train"
"video_11_36","4","train","train","train","test","train","train"
"video_16_2","4","test","train","train","train","train","test"
"video_13_13","4","test","train","train","train","train","train"
"video_25_59","4","validation","train","test","train","train","train"
"video_15_22","5","test","train","train","train","train","train"
"video_7_5","2","train","train","test","train","validation","train"
"video_6_23","4","train","train","train","test","train","train"
"video_2_11","5","train","test","train","train","validation","train"
"video_7_16","2","train","train","train","train","test","train"
"video_20_4","1","train","test","train","train","train","train"
"video_14_25","2","train","test","train","train","train","train"
"video_3_44","2","train","train","test","train","train","test"
"video_3_94","1","train","train","train","train","test","train"
"video_23_42","2","test","train","train","train","train","train"
"video_14_9","5","train","validation","train","train","test","train"
"video_17_7","3","test","train","train","train","train","validation"
"video_21_2","2","train","train","test","train","train","train"
"video_9_22","2","validation","test","train","validation","validation","train"
"video_25_11","2","train","validation","test","train","train","test"
"video_3_22","4","train","test","train","validation","train","train"
"video_19_13","2","test","train","train","train","train","train"
"video_23_18","2","validation","test","train","train","validation","test"
"video_19_30","4","train","test","train","train","train","train"
"video_19_50","2","train","train","test","train","train","train"
"video_25_41","5","train","test","train","train","validation","validation"
"video_4_1","2","test","validation","train","train","train","test"
"video_6_51","4","train","test","train","train","train","test"
"video_13_12","2","test","validation","train","train","train","train"
"video_21_10","2","train","train","train","train","test","train"
"video_9_28","4","train","train","train","test","validation","validation"
"video_11_8","2","train","train","train","test","train","train"
"video_16_16","5","validation","validation","train","train","test","train"
"video_26_14","2","test","train","train","train","train","train"
"video_26_39","2","train","train","train","train","test","test"
"video_8_21","4","train","test","train","train","train","test"
"video_4_28","5","test","train","train","train","train","train"
"video_27_11","5","train","test","validation","train","train","train"
"video_11_24","5","train","train","train","test","train","validation"
"video_27_48","3","test","train","validation","train","train","train"
"video_5_15","5","train","test","train","train","validation","train"
"video_27_32","1","train","test","validation","train","train","train"
"video_2_36","3","train","test","train","train","train","validation"
"video_7_31","4","validation","test","train","train","train","train"
"video_4_35","2","train","train","validation","test","train","train"
"video_6_14","3","validation","validation","train","test","train","train"
"video_11_13","2","train","train","train","test","train","train"
"video_7_1","4","train","train","test","train","train","train"
"video_6_55","3","train","train","test","train","train","test"
"video_7_18","2","test","train","train","train","train","train"
"video_7_7","2","train","train","train","train","test","test"
"video_25_44","4","train","validation","train","test","train","train"
"video_13_15","1","test","train","train","train","train","test"
"video_17_13","4","train","test","train","train","train","train"
"video_7_10","2","train","train","train","test","train","train"
"video_27_24","3","train","test","train","validation","validation","train"
"video_22_23","2","train","train","train","train","test","train"
"video_26_25","2","train","test","validation","train","train","train"
"video_20_17","1","train","test","train","train","train","validation"
"video_5_12","4","test","train","train","train","train","train"
"video_20_11","4","train","train","train","train","test","train"
"video_22_4","3","train","train","train","test","train","validation"
"video_3_26","1","test","train","train","train","train","train"
"video_3_65","3","validation","train","validation","train","test","train"
"video_2_25","3","test","train","validation","train","validation","test"
"video_21_4","2","train","test","train","train","train","train"
"video_24_14","4","train","test","validation","train","train","train"
"video_27_18","4","test","train","train","train","validation","validation"
"video_6_6","3","train","train","validation","train","test","validation"
"video_23_16","2","train","validation","train","train","test","validation"
"video_10_18","5","train","train","train","test","train","train"
"video_20_69","4","train","train","test","validation","train","train"
"video_25_9","5","train","train","train","train","test","test"
"video_4_21","2","train","test","train","train","train","test"
"video_6_25","3","test","train","train","train","train","train"
"video_20_57","2","train","test","train","train","train","train"
"video_21_3","3","train","train","test","train","validation","train"
"video_27_2","4","train","train","train","train","test","train"
"video_16_6","3","train","train","train","test","train","train"
"video_12_13","2","validation","test","train","validation","train","train"
"video_27_29","5","validation","train","train","train","test","train"
"video_17_3","2","train","train","train","train","test","train"
"video_17_20","2","train","train","train","train","test","train"
"video_20_10","3","train","train","train","test","validation","train"
"video_27_33","2","train","train","test","train","train","validation"
"video_13_5","1","train","test","train","train","train","validation"
"video_14_7","2","validation","test","validation","train","train","validation"
"video_19_25","2","train","train","train","validation","test","train"
"video_19_54","2","train","test","validation","train","train","train"
"video_14_11","2","test","train","train","train","train","train"
"video_4_40","1","train","test","train","validation","train","train"
"video_4_20","2","train","train","test","train","train","train"
"video_14_19","4","test","train","train","train","validation","test"
"video_13_11","1","test","validation","train","train","train","train"
"video_20_48","3","validation","train","train","validation","test","train"
"video_20_15","3","train","train","train","test","train","train"
"video_4_3","2","validation","train","test","train","train","train"
"video_20_46","4","train","train","validation","train","test","train"
"video_22_5","2","train","validation","test","train","train","test"
"video_6_34","4","train","train","test","train","train","train"
"video_23_46","2","train","train","test","train","train","train"
"video_23_15","3","train","train","train","train","test","test"
"video_22_21","2","train","train","test","train","train","train"
"video_25_15","3","train","train","train","test","train","train"
"video_11_32","3","train","train","train","test","train","train"
"video_6_62","4","train","train","test","train","train","validation"
"video_27_39","4","test","train","train","train","train","train"
"video_20_31","1","test","train","train","validation","train","test"
"video_3_104","4","train","train","test","train","train","train"
"video_20_44","2","test","train","train","train","train","train"
"video_11_12","2","test","train","train","train","train","train"
"video_25_21","3","train","train","train","test","train","test"
"video_4_5","2","train","test","train","validation","train","train"
"video_26_10","3","train","test","train","train","train","train"
"video_10_13","2","test","validation","train","train","train","validation"
"video_21_8","1","test","validation","train","train","train","train"
"video_11_1","5","test","train","validation","train","train","train"
"video_4_61","5","train","train","train","test","train","train"
"video_27_22","3","test","train","train","train","train","train"
"video_9_24","2","train","train","train","train","test","train"
"video_11_4","5","validation","train","train","train","test","train"
"video_25_31","5","validation","train","train","validation","test","train"
"video_17_5","4","train","train","test","train","train","train"
"video_15_10","3","test","train","train","train","train","train"
"video_6_13","3","train","test","train","train","train","train"
"video_2_21","3","validation","test","train","train","train","train"
"video_11_28","2","validation","test","train","validation","train","train"
"video_3_73","1","train","validation","validation","test","train","train"
"video_19_34","2","train","test","train","train","train","test"
"video_24_12","3","train","train","test","train","train","validation"
"video_19_44","5","train","train","train","train","test","train"
"video_8_17","2","test","train","train","train","train","train"
"video_3_6","1","train","validation","train","train","test","validation"
"video_12_18","2","test","train","train","train","train","validation"
"video_9_15","3","train","train","test","train","train","train"
"video_11_16","1","test","train","train","train","train","validation"
"video_20_25","1","train","test","train","train","train","train"
"video_26_33","3","test","validation","train","train","train","train"
"video_3_77","2","train","train","test","train","train","train"
"video_25_29","4","test","train","train","train","validation","train"
"video_14_16","4","train","train","train","test","train","test"
"video_21_6","2","train","validation","validation","train","test","train"
"video_27_1","4","train","validation","train","train","test","train"
"video_8_9","2","test","validation","validation","train","train","train"
"video_9_11","4","train","train","train","train","test","train"
"video_27_28","4","validation","train","validation","train","test","train"
"video_12_7","4","train","train","train","train","test","train"
"video_25_56","4","test","train","train","train","train","train"
"video_15_2","2","test","train","train","train","train","train"
"video_19_7","3","test","train","train","train","validation","train"
"video_2_26","4","train","test","validation","train","train","train"
"video_24_6","1","train","train","train","validation","test","validation"
"video_6_29","3","validation","test","train","train","train","test"
"video_14_27","3","test","train","train","train","train","train"
"video_2_3","4","train","train","test","validation","train","train"
"video_19_9","2","train","train","validation","train","test","train"
"video_17_12","1","test","train","train","train","train","test"
"video_7_24","1","train","train","train","test","train","train"
"video_20_50","2","train","test","train","train","train","train"
"video_3_11","3","train","train","train","test","train","validation"
"video_20_9","3","validation","train","train","train","test","train"
"video_23_48","2","test","validation","train","train","train","train"
"video_4_8","5","train","train","train","train","test","train"
"video_6_40","4","test","train","train","train","train","train"
"video_14_12","3","train","train","test","train","train","validation"
"video_15_18","1","train","train","train","train","test","train"
"video_20_40","2","test","validation","train","train","validation","train"
"video_23_39","2","validation","test","train","train","train","test"
"video_20_61","3","test","train","train","train","train","train"
"video_3_34","2","train","train","train","test","train","train"
"video_2_38","3","test","train","validation","train","train","train"
"video_26_36","2","validation","train","train","test","train","train"
"video_3_75","2","validation","test","train","train","train","train"
"video_12_11","2","train","train","train","test","train","validation"
"video_26_43","1","train","train","train","test","train","train"
"video_17_1","4","train","train","test","train","train","train"
"video_3_5","1","train","train","test","train","train","train"
"video_3_8","2","test","train","train","train","validation","train"
"video_2_4","4","test","train","validation","train","train","test"
"video_3_83","2","train","train","test","train","train","train"
"video_8_11","1","train","test","validation","train","train","train"
"video_19_42","3","validation","test","train","train","train","train"
"video_8_15","2","train","test","validation","train","validation","train"
"video_3_52","5","train","train","train","test","train","train"
"video_19_3","3","train","train","test","train","train","validation"
"video_1_10","3","train","train","train","test","train","test"
"video_27_8","4","test","train","validation","train","train","train"
"video_15_20","1","test","train","train","train","train","train"
"video_26_28","2","train","test","train","train","train","validation"
"video_17_18","5","test","train","train","train","train","train"
"video_7_20","4","test","validation","train","train","train","train"
"video_26_44","4","train","test","train","train","train","train"
"video_23_24","4","train","train","train","train","test","test"
"video_23_11","1","test","train","train","train","validation","validation"
"video_22_2","1","train","train","train","test","validation","train"
"video_25_69","4","train","validation","train","train","test","train"
"video_20_21","5","train","train","test","train","train","train"
"video_4_10","2","validation","train","train","validation","test","validation"
"video_4_49","4","train","train","train","train","test","train"
"video_13_14","5","train","test","train","train","train","train"
"video_26_65","1","train","test","train","train","train","train"
"video_23_1","2","test","train","train","train","train","train"
"video_17_29","3","train","train","validation","train","test","train"
"video_24_2","3","train","train","train","train","test","train"
"video_25_48","3","train","train","test","train","train","train"
"video_20_56","1","validation","train","train","train","test","test"
"video_19_40","4","train","train","test","train","train","validation"
"video_12_9","4","train","train","test","train","train","train"
"video_4_39","1","train","train","train","test","train","train"
"video_19_20","2","train","test","validation","train","train","train"
"video_3_15","3","train","train","train","validation","test","train"
"video_3_56","1","train","validation","test","train","train","train"
"video_12_17","4","test","validation","train","train","train","test"
"video_20_82","2","train","train","test","validation","train","train"
"video_25_32","3","train","train","test","train","train","validation"
"video_5_4","2","train","train","test","train","train","train"
"video_6_4","3","validation","train","test","train","train","train"
"video_20_28","1","validation","train","test","train","train","train"
"video_19_18","1","test","train","train","train","train","train"
"video_23_12","4","train","validation","test","train","train","train"
"video_6_35","3","train","validation","train","train","test","validation"
"video_20_53","1","train","test","train","train","validation","train"
"video_12_25","2","train","train","test","train","train","train"
"video_11_19","1","train","train","train","train","test","train"
"video_22_15","4","train","train","test","validation","train","train"
"video_10_5","4","test","train","validation","train","validation","train"
"video_20_1","3","train","test","train","train","train","test"
"video_25_34","1","train","train","validation","test","train","validation"
"video_8_4","2","train","train","train","train","test","train"
"video_5_2","2","test","train","validation","train","train","train"
"video_6_27","4","test","train","train","train","train","train"
"video_25_1","5","train","test","train","train","train","train"
"video_9_7","2","train","test","validation","train","train","train"
"video_3_10","3","train","train","train","train","test","train"
"video_6_59","2","validation","train","train","test","train","train"
"video_27_43","5","train","train","test","train","train","train"
"video_17_23","4","test","train","train","train","train","train"
"video_4_60","4","train","test","train","train","train","train"
"video_11_29","1","train","train","train","train","test","train"
"video_7_34","4","train","train","test","train","train","validation"
"video_2_20","3","train","validation","train","test","train","train"
"video_23_45","2","validation","train","train","train","test","validation"
"video_25_55","4","train","test","validation","train","train","test"
"video_26_20","1","validation","train","test","train","train","train"
"video_20_76","3","train","test","validation","train","train","train"
"video_6_12","3","train","train","train","train","test","train"
"video_25_53","5","train","train","train","validation","test","train"
"video_10_12","4","train","test","validation","train","train","test"
"video_12_8","4","train","test","train","train","train","train"
"video_27_12","5","train","test","train","train","train","test"
"video_9_18","3","validation","train","train","train","test","train"
"video_27_46","5","test","validation","validation","train","train","train"
"video_3_57","2","train","train","test","train","train","validation"
"video_22_16","4","test","train","train","train","train","validation"
"video_26_27","2","train","train","train","train","test","train"
"video_14_3","2","validation","train","train","train","test","train"
"video_20_70","2","train","train","train","train","test","validation"
"video_2_33","3","train","train","train","test","train","train"
"video_2_5","5","train","train","test","train","train","train"
"video_15_4","1","test","train","train","validation","train","train"
"video_3_31","2","validation","train","train","train","test","validation"
"video_4_32","1","validation","train","test","train","train","test"
"video_10_14","2","train","train","train","train","test","train"
"video_11_34","3","validation","validation","train","train","test","train"
"video_7_39","4","train","train","test","validation","train","train"
"video_3_48","4","train","train","train","test","train","train"
"video_22_10","4","test","train","train","train","train","train"
"video_13_9","2","test","train","train","train","train","train"
"video_1_4","4","test","train","train","train","train","train"
"video_24_7","2","train","train","train","test","train","train"
"video_20_34","1","validation","test","train","train","train","validation"
"video_17_22","2","train","train","train","test","train","validation"
"video_4_14","2","train","train","validation","train","test","validation"
"video_9_31","1","test","train","train","train","validation","train"
"video_14_23","3","train","train","test","train","train","train"
"video_19_6","2","train","train","train","train","test","test"
"video_2_7","5","validation","validation","train","test","validation","train"
"video_2_27","4","train","train","train","train","test","validation"
"video_4_42","1","train","train","test","train","train","test"
"video_23_8","4","train","train","test","train","train","train"
"video_20_8","4","train","validation","train","test","train","train"
"video_2_41","4","train","train","train","test","train","test"
"video_26_6","3","train","test","train","train","train","test"
"video_5_19","4","test","train","train","train","train","train"
"video_12_20","1","test","train","validation","train","train","train"
"video_23_43","3","train","train","train","train","test","train"
"video_6_44","4","train","train","train","train","test","validation"
"video_20_23","1","train","train","train","train","test","train"
"video_20_49","3","test","train","train","train","train","train"
"video_24_22","3","test","train","validation","train","train","train"
"video_17_24","2","test","train","train","train","train","train"
"video_20_73","3","train","test","train","train","train","train"
"video_4_24","5","train","validation","train","test","train","test"
"video_27_35","4","train","train","test","validation","validation","train"
"video_8_13","4","train","train","test","train","train","train"
"video_26_46","4","validation","train","test","train","train","train"
"video_6_63","4","test","train","train","train","train","validation"
"video_16_9","5","test","train","train","train","train","train"
"video_4_46","1","train","train","test","validation","train","train"
"video_15_9","1","train","train","train","test","train","train"
"video_27_25","3","train","test","train","train","train","test"
"video_1_3","4","train","test","validation","train","train","validation"
"video_21_1","2","train","train","train","train","test","train"
"video_25_16","3","test","validation","train","train","validation","test"
"video_3_53","5","test","validation","train","train","train","validation"
"video_4_18","3","train","test","train","train","train","train"
"video_20_55","4","test","train","train","train","train","train"
"video_11_21","2","train","train","train","train","test","train"
"video_3_35","2","train","train","test","train","train","train"
"video_7_4","2","train","test","train","train","train","train"
"video_3_86","2","validation","train","test","train","validation","test"
"video_23_27","3","train","train","train","test","train","validation"
"video_9_10","3","train","train","train","test","train","test"
"video_19_14","1","train","train","test","train","train","train"
"video_25_7","2","train","train","test","train","train","validation"
"video_27_42","1","train","validation","train","train","test","train"
"video_19_23","4","train","test","train","validation","train","train"
"video_19_4","1","train","train","train","test","train","validation"
"video_16_4","2","train","test","train","train","train","train"
"video_7_29","3","train","train","train","train","test","train"
"video_16_19","2","train","test","train","train","train","train"
"video_25_20","5","validation","train","train","train","test","validation"
"video_25_63","4","test","train","train","validation","validation","train"
"video_17_27","3","test","validation","validation","train","train","train"
"video_23_4","1","train","test","train","train","train","train"
"video_26_29","1","train","test","train","train","train","test"
"video_26_17","1","test","train","train","train","train","train"
"video_19_43","4","train","train","train","test","train","train"
"video_14_4","1","train","test","train","train","train","train"
"video_26_52","5","train","train","test","train","train","train"
"video_2_10","4","train","train","test","train","train","train"
"video_5_13","5","train","train","train","test","train","test"
"video_2_37","3","test","train","train","train","train","train"
"video_6_24","4","train","test","train","train","train","train"
"video_25_35","1","train","train","test","train","train","test"
"video_16_17","3","test","train","train","validation","train","train"
"video_21_15","3","test","train","train","validation","validation","train"
"video_24_15","4","train","train","train","test","train","train"
"video_20_36","2","train","test","train","train","validation","train"
"video_25_52","4","validation","train","train","train","test","validation"
"video_6_5","3","train","test","train","train","train","validation"
"video_12_19","1","train","train","train","train","test","validation"
"video_17_15","2","test","train","train","train","validation","test"
"video_27_14","5","train","train","test","train","train","train"
"video_16_11","2","test","validation","validation","train","train","train"
"video_25_33","2","train","train","test","validation","train","validation"
"video_27_51","4","train","train","train","train","test","test"
"video_19_24","3","train","train","train","validation","test","test"
"video_24_3","2","train","test","train","train","train","train"
"video_22_8","3","train","test","train","train","train","train"
"video_6_42","4","train","test","train","train","train","validation"
"video_11_15","1","train","train","train","test","train","train"
"video_3_82","2","train","train","train","test","train","train"
"video_1_14","2","train","validation","train","validation","test","train"
"video_27_49","2","test","train","train","train","validation","test"
"video_6_18","3","train","validation","train","train","test","train"
"video_3_2","2","train","train","train","test","train","train"
"video_14_13","4","test","train","train","train","train","train"
"video_5_17","4","test","train","train","train","train","train"
"video_25_18","5","train","train","train","test","train","train"
"video_25_28","4","train","test","validation","train","train","train"
"video_23_13","5","train","test","train","train","train","train"
"video_2_13","4","test","train","train","train","train","train"
"video_3_80","2","train","test","train","train","train","test"
"video_1_21","3","train","test","train","train","train","train"
"video_20_41","2","train","train","train","validation","test","test"
"video_19_21","3","train","train","train","train","test","train"
"video_25_14","4","train","train","test","train","train","validation"
"video_23_47","2","train","train","train","test","train","train"
"video_21_18","3","validation","train","train","test","train","train"
"video_25_65","4","train","train","train","train","test","test"
"video_19_46","1","validation","test","train","train","train","train"
"video_20_27","4","test","train","train","train","train","train"
"video_7_15","2","test","train","train","train","train","test"
"video_4_4","2","train","train","train","test","train","train"
"video_8_14","2","train","test","train","train","train","test"
"video_25_22","4","train","test","train","train","validation","train"
"video_17_26","2","train","train","train","train","test","train"
"video_20_2","2","train","validation","test","train","train","validation"
"video_21_16","3","train","validation","train","test","validation","train"
"video_9_13","4","train","train","train","train","test","train"
"video_4_31","4","test","train","train","train","train","train"
"video_7_43","1","train","train","train","test","train","train"
"video_17_10","3","validation","test","train","train","train","validation"
"video_20_80","1","train","train","test","train","train","train"
"video_1_5","5","test","train","train","train","train","train"
"video_21_9","2","train","train","train","test","train","train"
"video_22_24","4","validation","test","train","train","train","train"
"video_25_6","3","test","train","train","train","train","train"
"video_10_16","1","train","train","test","train","train","train"
"video_20_68","2","train","test","train","train","train","train"
"video_10_9","5","train","train","test","validation","train","train"
"video_21_20","2","validation","train","test","train","train","validation"
"video_4_50","3","train","train","validation","validation","test","train"
"video_25_51","3","train","train","test","validation","train","validation"
"video_20_19","2","train","test","train","train","train","test"
"video_1_12","2","train","train","train","test","train","train"
"video_20_72","3","test","validation","train","train","train","test"
"video_9_1","4","train","train","train","test","train","train"
"video_26_69","2","train","test","train","train","train","train"
"video_19_38","4","train","test","train","train","train","train"
"video_6_8","3","train","test","train","train","train","train"
"video_3_102","2","train","train","train","train","test","train"
"video_22_13","3","train","test","train","train","train","train"
"video_5_8","5","train","test","validation","train","train","train"
"video_3_92","1","train","train","train","test","train","validation"
"video_19_11","1","test","train","train","train","train","test"
"video_9_14","1","train","train","test","validation","train","validation"
"video_26_50","1","test","train","train","train","train","train"
"video_25_42","4","train","train","train","train","test","train"
"video_20_67","4","train","test","train","validation","validation","train"
"video_6_21","3","test","train","train","validation","train","validation"
"video_26_51","2","train","test","train","train","train","test"
"video_10_3","2","train","train","train","test","train","train"
"video_27_10","4","train","train","test","validation","train","train"
"video_2_9","4","train","train","test","train","validation","train"
"video_23_21","2","train","test","train","train","train","train"
"video_1_24","4","train","train","train","test","train","train"
"video_4_57","3","test","train","train","train","train","test"
"video_4_16","2","test","train","train","train","train","train"
"video_3_46","4","validation","train","train","train","test","test"
"video_23_35","3","validation","train","train","train","test","validation"
"video_17_9","2","train","validation","train","validation","test","train"
"video_26_19","2","test","train","train","train","train","train"
"video_24_5","2","train","train","test","validation","train","test"
"video_20_12","3","test","train","train","train","validation","train"
"video_14_21","3","train","test","train","train","validation","train"
"video_8_19","2","validation","train","train","test","train","validation"
"video_19_8","4","train","test","train","train","train","train"
"video_12_23","2","train","train","test","train","train","train"
"video_3_96","3","train","train","train","test","train","train"
"video_26_3","2","validation","train","validation","test","train","test"
"video_20_6","3","train","train","test","train","train","validation"
"video_2_29","4","train","test","train","train","train","test"
"video_26_11","4","train","train","train","train","test","train"
"video_11_11","2","train","test","validation","train","train","validation"
"video_3_84","2","train","test","train","train","train","train"
"video_6_57","3","test","train","train","train","train","validation"
"video_6_16","3","train","train","test","train","train","train"
"video_3_37","2","validation","train","train","train","test","train"
"video_25_5","3","train","train","train","test","train","train"
"video_25_46","4","train","validation","train","test","train","train"
"video_14_17","4","validation","test","train","train","train","train"
"video_4_37","1","train","train","validation","train","test","train"
"video_7_22","2","train","train","test","train","train","test"
"video_26_8","2","train","test","train","validation","train","validation"
"video_6_10","3","train","train","train","test","train","train"
"video_20_78","3","train","train","test","train","train","train"
"video_7_3","2","train","test","train","train","train","train"
"video_20_13","1","train","train","test","train","train","train"
"video_11_17","1","train","train","train","train","test","train"
"video_23_25","4","test","train","train","train","train","test"
"video_7_17","2","train","train","test","train","validation","train"
"video_3_100","1","train","train","train","test","train","test"
"video_8_16","4","train","train","train","test","train","train"
"video_5_16","4","train","train","train","train","test","train"
"video_1_28","3","test","train","train","train","train","validation"
"video_26_60","3","train","test","train","train","validation","train"
"video_12_6","2","train","train","test","validation","train","train"
"video_12_27","2","train","train","train","test","train","validation"
"video_22_9","2","test","train","train","train","train","train"
"video_23_23","4","train","train","train","train","test","train"
"video_10_7","2","train","test","train","train","train","train"
"video_22_17","3","test","train","train","train","train","train"
"video_26_30","1","train","train","train","train","test","train"
"video_22_11","3","validation","train","train","test","train","validation"
"video_25_37","4","test","train","train","train","validation","validation"
"video_8_6","4","train","test","train","train","train","test"
"video_20_18","2","test","validation","train","train","train","train"
"video_4_48","1","train","validation","train","test","train","train"
"video_23_2","4","train","train","test","validation","train","train"
"video_3_14","2","train","train","test","train","train","validation"
"video_25_68","4","train","train","train","train","test","train"
"video_3_42","2","train","train","test","train","train","train"
"video_19_27","2","train","validation","train","test","train","train"
"video_27_16","4","train","train","validation","test","train","train"
"video_16_8","5","train","test","train","validation","train","train"
"video_20_59","2","test","train","train","validation","validation","test"
"video_8_8","2","test","train","train","train","validation","train"
"video_2_1","4","train","train","test","train","train","train"
"video_12_15","2","train","test","train","train","validation","train"
"video_23_14","5","train","test","train","train","train","train"
"video_26_26","2","train","train","validation","train","test","train"
"video_3_24","1","train","train","train","train","test","test"
"video_26_54","2","validation","train","train","train","test","train"
"video_2_22","3","validation","train","train","test","train","train"
"video_2_23","4","train","test","train","train","train","train"
"video_6_31","3","train","train","test","validation","train","validation"
"video_17_11","1","train","train","test","train","train","train"
"video_19_32","3","test","train","train","train","train","train"
"video_2_45","2","train","train","test","train","train","train"
"video_26_48","5","train","train","train","train","test","test"
"video_20_38","1","test","validation","validation","train","train","train"
"video_11_6","3","train","train","train","train","test","train"
"video_26_38","3","train","test","train","train","train","train"
"video_27_53","4","validation","test","train","validation","train","train"
"video_19_52","2","train","test","train","train","validation","validation"
"video_12_2","3","train","test","train","train","train","train"
"video_13_7","5","train","train","train","test","train","train"
"video_14_5","2","train","train","test","train","train","train"
"video_16_15","2","train","train","train","train","test","train"
"video_4_33","1","train","validation","train","train","test","train"
